Season,Affiliate League,Affiliate,League,Team Name,Classification,Category,Location_ID,City,State,County
1960,National,PHI,American Association,Indianapolis,AAA,MiLB,Indianapolis_IN_US,Indianapolis,IN,US
1960,National,LAD,Midwest,Kokomo,D,MiLB,Kokomo_IN_US,Kokomo,IN,US
1961,National,CIN,American Association,Indianapolis,AAA,MiLB,Indianapolis_IN_US,Indianapolis,IN,US
1961,National,LAD,Midwest,Kokomo,D,MiLB,Kokomo_IN_US,Kokomo,IN,US
1962,American,CWS,American Association,Indianapolis,AAA,MiLB,Indianapolis_IN_US,Indianapolis,IN,US
1963,American,CWS,International,Indianapolis,AAA,MiLB,Indianapolis_IN_US,Indianapolis,IN,US
1964,American,CWS,Pacific Coast,Indianapolis,AAA,MiLB,Indianapolis_IN_US,Indianapolis,IN,US
1965,American,CWS,Pacific Coast,Indianapolis,AAA,MiLB,Indianapolis_IN_US,Indianapolis,IN,US
1966,American,CWS,Pacific Coast,Indianapolis,AAA,MiLB,Indianapolis_IN_US,Indianapolis,IN,US
1966,American,CWS,Southern,Evansville,AA,MiLB,Evansville_IN_US,Evansville,IN,US
1967,American,CWS,Pacific Coast,Indianapolis,AAA,MiLB,Indianapolis_IN_US,Indianapolis,IN,US
1967,American,CWS,Southern,Evansville,AA,MiLB,Evansville_IN_US,Evansville,IN,US
1968,National,CIN,Pacific Coast,Indianapolis,AAA,MiLB,Indianapolis_IN_US,Indianapolis,IN,US
1968,American,CWS,Southern,Evansville,AA,MiLB,Evansville_IN_US,Evansville,IN,US
1969,National,CIN,American Association,Indianapolis,AAA,MiLB,Indianapolis_IN_US,Indianapolis,IN,US
1970,American,MIN,American Association,Evansville,AAA,MiLB,Evansville_IN_US,Evansville,IN,US
1970,National,CIN,American Association,Indianapolis,AAA,MiLB,Indianapolis_IN_US,Indianapolis,IN,US
1971,American,MIL,American Association,Evansville,AAA,MiLB,Evansville_IN_US,Evansville,IN,US
1971,National,CIN,American Association,Indianapolis,AAA,MiLB,Indianapolis_IN_US,Indianapolis,IN,US
1972,American,MIL,American Association,Evansville,AAA,MiLB,Evansville_IN_US,Evansville,IN,US
1972,National,CIN,American Association,Indianapolis,AAA,MiLB,Indianapolis_IN_US,Indianapolis,IN,US
1973,American,MIL,American Association,Evansville,AAA,MiLB,Evansville_IN_US,Evansville,IN,US
1973,National,CIN,American Association,Indianapolis,AAA,MiLB,Indianapolis_IN_US,Indianapolis,IN,US
1974,American,DET,American Association,Evansville,AAA,MiLB,Evansville_IN_US,Evansville,IN,US
1974,National,CIN,American Association,Indianapolis,AAA,MiLB,Indianapolis_IN_US,Indianapolis,IN,US
1975,American,DET,American Association,Evansville,AAA,MiLB,Evansville_IN_US,Evansville,IN,US
1975,National,CIN,American Association,Indianapolis,AAA,MiLB,Indianapolis_IN_US,Indianapolis,IN,US
1976,American,DET,American Association,Evansville,AAA,MiLB,Evansville_IN_US,Evansville,IN,US
1976,National,CIN,American Association,Indianapolis,AAA,MiLB,Indianapolis_IN_US,Indianapolis,IN,US
1977,American,DET,American Association,Evansville,AAA,MiLB,Evansville_IN_US,Evansville,IN,US
1977,National,CIN,American Association,Indianapolis,AAA,MiLB,Indianapolis_IN_US,Indianapolis,IN,US
1978,American,DET,American Association,Evansville,AAA,MiLB,Evansville_IN_US,Evansville,IN,US
1978,National,CIN,American Association,Indianapolis,AAA,MiLB,Indianapolis_IN_US,Indianapolis,IN,US
1979,American,DET,American Association,Evansville,AAA,MiLB,Evansville_IN_US,Evansville,IN,US
1979,National,CIN,American Association,Indianapolis,AAA,MiLB,Indianapolis_IN_US,Indianapolis,IN,US
1980,American,DET,American Association,Evansville,AAA,MiLB,Evansville_IN_US,Evansville,IN,US
1980,National,CIN,American Association,Indianapolis,AAA,MiLB,Indianapolis_IN_US,Indianapolis,IN,US
1981,American,DET,American Association,Evansville,AAA,MiLB,Evansville_IN_US,Evansville,IN,US
1981,National,CIN,American Association,Indianapolis,AAA,MiLB,Indianapolis_IN_US,Indianapolis,IN,US
1982,American,DET,American Association,Evansville,AAA,MiLB,Evansville_IN_US,Evansville,IN,US
1982,National,CIN,American Association,Indianapolis,AAA,MiLB,Indianapolis_IN_US,Indianapolis,IN,US
1983,American,DET,American Association,Evansville,AAA,MiLB,Evansville_IN_US,Evansville,IN,US
1983,National,CIN,American Association,Indianapolis,AAA,MiLB,Indianapolis_IN_US,Indianapolis,IN,US
1984,American,DET,American Association,Evansville,AAA,MiLB,Evansville_IN_US,Evansville,IN,US
1984,National,WSH,American Association,Indianapolis,AAA,MiLB,Indianapolis_IN_US,Indianapolis,IN,US
1985,National,WSH,American Association,Indianapolis,AAA,MiLB,Indianapolis_IN_US,Indianapolis,IN,US
1986,National,WSH,American Association,Indianapolis,AAA,MiLB,Indianapolis_IN_US,Indianapolis,IN,US
1987,National,WSH,American Association,Indianapolis,AAA,MiLB,Indianapolis_IN_US,Indianapolis,IN,US
1988,National,WSH,American Association,Indianapolis,AAA,MiLB,Indianapolis_IN_US,Indianapolis,IN,US
1988,American,CWS,Midwest,South Bend,A,MiLB,SouthBend_IN_US,South Bend,IN,US
1989,National,WSH,American Association,Indianapolis,AAA,MiLB,Indianapolis_IN_US,Indianapolis,IN,US
1989,American,CWS,Midwest,South Bend,A,MiLB,SouthBend_IN_US,South Bend,IN,US
1990,National,WSH,American Association,Indianapolis,AAA,MiLB,Indianapolis_IN_US,Indianapolis,IN,US
1990,American,CWS,Midwest,South Bend,A,MiLB,SouthBend_IN_US,South Bend,IN,US
1991,National,WSH,American Association,Indianapolis,AAA,MiLB,Indianapolis_IN_US,Indianapolis,IN,US
1991,American,CWS,Midwest,South Bend,A,MiLB,SouthBend_IN_US,South Bend,IN,US
1992,National,WSH,American Association,Indianapolis,AAA,MiLB,Indianapolis_IN_US,Indianapolis,IN,US
1992,American,CWS,Midwest,South Bend,A,MiLB,SouthBend_IN_US,South Bend,IN,US
1993,National,CIN,American Association,Indianapolis,AAA,MiLB,Indianapolis_IN_US,Indianapolis,IN,US
1993,American,MIN,Midwest,Fort Wayne,A,MiLB,FortWayne_IN_US,Fort Wayne,IN,US
1993,American,CWS,Midwest,South Bend,A,MiLB,SouthBend_IN_US,South Bend,IN,US
1994,National,CIN,American Association,Indianapolis,AAA,MiLB,Indianapolis_IN_US,Indianapolis,IN,US
1994,American,MIN,Midwest,Fort Wayne,A,MiLB,FortWayne_IN_US,Fort Wayne,IN,US
1994,American,CWS,Midwest,South Bend,A,MiLB,SouthBend_IN_US,South Bend,IN,US
1995,National,CIN,American Association,Indianapolis,AAA,MiLB,Indianapolis_IN_US,Indianapolis,IN,US
1995,American,MIN,Midwest,Fort Wayne,A,MiLB,FortWayne_IN_US,Fort Wayne,IN,US
1995,American,CWS,Midwest,South Bend,A,MiLB,SouthBend_IN_US,South Bend,IN,US
1996,National,CIN,American Association,Indianapolis,AAA,MiLB,Indianapolis_IN_US,Indianapolis,IN,US
1996,American,MIN,Midwest,Fort Wayne,A,MiLB,FortWayne_IN_US,Fort Wayne,IN,US
1996,American,CWS,Midwest,South Bend,A,MiLB,SouthBend_IN_US,South Bend,IN,US
1997,National,CIN,American Association,Indianapolis,AAA,MiLB,Indianapolis_IN_US,Indianapolis,IN,US
1997,American,MIN,Midwest,Fort Wayne,A,MiLB,FortWayne_IN_US,Fort Wayne,IN,US
1997,,,Midwest,South Bend,A,MiLB,SouthBend_IN_US,South Bend,IN,US
1998,National,CIN,International,Indianapolis,AAA,MiLB,Indianapolis_IN_US,Indianapolis,IN,US
1998,American,MIN,Midwest,Fort Wayne,A,MiLB,FortWayne_IN_US,Fort Wayne,IN,US
1998,National,ARI,Midwest,South Bend,A,MiLB,SouthBend_IN_US,South Bend,IN,US
1999,National,CIN,International,Indianapolis,AAA,MiLB,Indianapolis_IN_US,Indianapolis,IN,US
1999,National,SD,Midwest,Fort Wayne,A,MiLB,FortWayne_IN_US,Fort Wayne,IN,US
1999,National,ARI,Midwest,South Bend,A,MiLB,SouthBend_IN_US,South Bend,IN,US
2000,National,MIL,International,Indianapolis,AAA,MiLB,Indianapolis_IN_US,Indianapolis,IN,US
2000,National,SD,Midwest,Fort Wayne,A,MiLB,FortWayne_IN_US,Fort Wayne,IN,US
2000,National,ARI,Midwest,South Bend,A,MiLB,SouthBend_IN_US,South Bend,IN,US
2001,National,MIL,International,Indianapolis,AAA,MiLB,Indianapolis_IN_US,Indianapolis,IN,US
2001,National,SD,Midwest,Fort Wayne,A,MiLB,FortWayne_IN_US,Fort Wayne,IN,US
2001,National,ARI,Midwest,South Bend,A,MiLB,SouthBend_IN_US,South Bend,IN,US
2002,National,MIL,International,Indianapolis,AAA,MiLB,Indianapolis_IN_US,Indianapolis,IN,US
2002,National,SD,Midwest,Fort Wayne,A,MiLB,FortWayne_IN_US,Fort Wayne,IN,US
2002,National,ARI,Midwest,South Bend,A,MiLB,SouthBend_IN_US,South Bend,IN,US
2003,National,MIL,International,Indianapolis,AAA,MiLB,Indianapolis_IN_US,Indianapolis,IN,US
2003,National,SD,Midwest,Fort Wayne,A,MiLB,FortWayne_IN_US,Fort Wayne,IN,US
2003,National,ARI,Midwest,South Bend,A,MiLB,SouthBend_IN_US,South Bend,IN,US
2004,National,MIL,International,Indianapolis,AAA,MiLB,Indianapolis_IN_US,Indianapolis,IN,US
2004,National,SD,Midwest,Fort Wayne,A,MiLB,FortWayne_IN_US,Fort Wayne,IN,US
2004,National,ARI,Midwest,South Bend,A,MiLB,SouthBend_IN_US,South Bend,IN,US
2005,National,PIT,International,Indianapolis,AAA,MiLB,Indianapolis_IN_US,Indianapolis,IN,US
2005,National,SD,Midwest,Fort Wayne,A,MiLB,FortWayne_IN_US,Fort Wayne,IN,US
2005,National,ARI,Midwest,South Bend,A,MiLB,SouthBend_IN_US,South Bend,IN,US
2006,National,PIT,International,Indianapolis,AAA,MiLB,Indianapolis_IN_US,Indianapolis,IN,US
2006,National,SD,Midwest,Fort Wayne,A,MiLB,FortWayne_IN_US,Fort Wayne,IN,US
2006,National,ARI,Midwest,South Bend,A,MiLB,SouthBend_IN_US,South Bend,IN,US
2007,National,PIT,International,Indianapolis,AAA,MiLB,Indianapolis_IN_US,Indianapolis,IN,US
2007,National,SD,Midwest,Fort Wayne,A,MiLB,FortWayne_IN_US,Fort Wayne,IN,US
2007,National,ARI,Midwest,South Bend,A,MiLB,SouthBend_IN_US,South Bend,IN,US
2008,National,PIT,International,Indianapolis,AAA,MiLB,Indianapolis_IN_US,Indianapolis,IN,US
2008,National,SD,Midwest,Fort Wayne,A,MiLB,FortWayne_IN_US,Fort Wayne,IN,US
2008,National,ARI,Midwest,South Bend,A,MiLB,SouthBend_IN_US,South Bend,IN,US
2009,National,PIT,International,Indianapolis,AAA,MiLB,Indianapolis_IN_US,Indianapolis,IN,US
2009,National,SD,Midwest,Fort Wayne,A,MiLB,FortWayne_IN_US,Fort Wayne,IN,US
2009,National,ARI,Midwest,South Bend,A,MiLB,SouthBend_IN_US,South Bend,IN,US
2010,National,PIT,International,Indianapolis,AAA,MiLB,Indianapolis_IN_US,Indianapolis,IN,US
2010,National,SD,Midwest,Fort Wayne,A,MiLB,FortWayne_IN_US,Fort Wayne,IN,US
2010,National,ARI,Midwest,South Bend,A,MiLB,SouthBend_IN_US,South Bend,IN,US
2011,National,PIT,International,Indianapolis,AAA,MiLB,Indianapolis_IN_US,Indianapolis,IN,US
2011,National,SD,Midwest,Fort Wayne,A,MiLB,FortWayne_IN_US,Fort Wayne,IN,US
2011,National,ARI,Midwest,South Bend,A,MiLB,SouthBend_IN_US,South Bend,IN,US
2012,National,PIT,International,Indianapolis,AAA,MiLB,Indianapolis_IN_US,Indianapolis,IN,US
2012,National,SD,Midwest,Fort Wayne,A,MiLB,FortWayne_IN_US,Fort Wayne,IN,US
2012,National,ARI,Midwest,South Bend,A,MiLB,SouthBend_IN_US,South Bend,IN,US
2013,National,PIT,International,Indianapolis,AAA,MiLB,Indianapolis_IN_US,Indianapolis,IN,US
2013,National,SD,Midwest,Fort Wayne,A,MiLB,FortWayne_IN_US,Fort Wayne,IN,US
2013,National,ARI,Midwest,South Bend,A,MiLB,SouthBend_IN_US,South Bend,IN,US
2014,National,PIT,International,Indianapolis,AAA,MiLB,Indianapolis_IN_US,Indianapolis,IN,US
2014,National,SD,Midwest,Fort Wayne,A,MiLB,FortWayne_IN_US,Fort Wayne,IN,US
2014,National,ARI,Midwest,South Bend,A,MiLB,SouthBend_IN_US,South Bend,IN,US
2015,National,PIT,International,Indianapolis,AAA,MiLB,Indianapolis_IN_US,Indianapolis,IN,US
2015,National,SD,Midwest,Fort Wayne,A,MiLB,FortWayne_IN_US,Fort Wayne,IN,US
2015,National,CHC,Midwest,South Bend,A,MiLB,SouthBend_IN_US,South Bend,IN,US
2016,National,PIT,International,Indianapolis,AAA,MiLB,Indianapolis_IN_US,Indianapolis,IN,US
2016,National,SD,Midwest,Fort Wayne,A,MiLB,FortWayne_IN_US,Fort Wayne,IN,US
2016,National,CHC,Midwest,South Bend,A,MiLB,SouthBend_IN_US,South Bend,IN,US
2017,National,PIT,International,Indianapolis,AAA,MiLB,Indianapolis_IN_US,Indianapolis,IN,US
2017,National,SD,Midwest,Fort Wayne,A,MiLB,FortWayne_IN_US,Fort Wayne,IN,US
2017,National,CHC,Midwest,South Bend,A,MiLB,SouthBend_IN_US,South Bend,IN,US